{"CC Grand Pic St Loup":{"models":{"BIRO":{"avgDistanceKm":3.4750755015679653,"nbTrips":466,"medianDistanceKm":1.3505600767730666,"avgDistanceKmTravail":5.045483558632376,"nbTripsTravail":82,"medianDistanceKmTravail":1.9075798379577875},"Urbaner":{"avgDistanceKm":3.536782103457878,"nbTrips":141,"medianDistanceKm":1.5919668849280613,"avgDistanceKmTravail":10.213015430630188,"nbTripsTravail":12,"medianDistanceKmTravail":6.973675140950439},"WEEZ":{"avgDistanceKm":8.013266021515756,"nbTrips":747,"medianDistanceKm":5.3189434971161615,"avgDistanceKmTravail":12.882103163307487,"nbTripsTravail":143,"medianDistanceKmTravail":13.158828639856255}},"trips_per_distance":{"0":693,"5":219,"10":197,"15":157,"20":47,"25":25,"30":9,"35":1,"40":2,"45":3,"50":1}},"PNR Grand Causses":{"models":{"AMI":{"avgDistanceKm":5.2804378151210765,"nbTrips":242,"medianDistanceKm":2.0270383776471768,"avgDistanceKmTravail":0.8837334631266545,"nbTripsTravail":2,"medianDistanceKmTravail":0.8838401066553853},"Acticycle":{"avgDistanceKm":3.582729539211777,"nbTrips":266,"medianDistanceKm":1.53575176932393,"avgDistanceKmTravail":1.3453469231926118,"nbTripsTravail":43,"medianDistanceKmTravail":1.0656104844140313},"BIRO":{"avgDistanceKm":3.8579065416597147,"nbTrips":602,"medianDistanceKm":2.304133698708998,"avgDistanceKmTravail":4.566233911966368,"nbTripsTravail":11,"medianDistanceKmTravail":3.665267188208385},"Frikar":{"avgDistanceKm":3.2617512346008697,"nbTrips":125,"medianDistanceKm":1.3731714442651113},"Karbikes":{"avgDistanceKm":2.4079346150678163,"nbTrips":387,"medianDistanceKm":1.509652670447416,"avgDistanceKmTravail":2.7530160762130427,"nbTripsTravail":28,"medianDistanceKmTravail":2.165702679541447},"Sorean":{"avgDistanceKm":10.72236339699811,"nbTrips":342,"medianDistanceKm":4.952394529910498,"avgDistanceKmTravail":11.255322473239485,"nbTripsTravail":17,"medianDistanceKmTravail":4.6295196007516335},"WEEZ":{"avgDistanceKm":12.917073854726555,"nbTrips":377,"medianDistanceKm":10.132402821690006,"avgDistanceKmTravail":23.679727359175708,"nbTripsTravail":5,"medianDistanceKmTravail":44.34350225493592}},"trips_per_distance":{"0":1210,"5":580,"10":173,"15":87,"20":169,"25":49,"30":16,"35":13,"40":9,"45":14,"50":6,"55":6,"60":2,"65":1,"70":2,"80":3,"90":1}},"CC Clunisois":{"models":{"BIRO":{"avgDistanceKm":3.0963904501309893,"nbTrips":702,"medianDistanceKm":1.6001150982740482,"avgDistanceKmTravail":6.753946027685178,"nbTripsTravail":26,"medianDistanceKmTravail":3.1212650210110158},"Formidable":{"avgDistanceKm":4.138668774700307,"nbTrips":373,"medianDistanceKm":2.5614377014360716,"avgDistanceKmTravail":7.544551432942266,"nbTripsTravail":6,"medianDistanceKmTravail":7.404589870392569},"Urbaner":{"avgDistanceKm":4.538638098967558,"nbTrips":66,"medianDistanceKm":2.7445499995353924,"avgDistanceKmTravail":12.48991539426535,"nbTripsTravail":2,"medianDistanceKmTravail":17.063458793036638},"WEEZ":{"avgDistanceKm":9.107234120926844,"nbTrips":309,"medianDistanceKm":5.416369968004486,"avgDistanceKmTravail":10.563292828674589,"nbTripsTravail":41,"medianDistanceKmTravail":10.436049599574522}},"trips_per_distance":{"0":765,"5":404,"10":137,"15":71,"20":31,"25":17,"30":11,"35":8,"40":5,"45":1}},"Loos en Gohelle":{"models":{"Frikar":{"avgDistanceKm":2.6091667952637527,"nbTrips":31,"medianDistanceKm":2.04041922196022,"avgDistanceKmTravail":3.3574562521712514,"nbTripsTravail":7,"medianDistanceKmTravail":4.32824669995113},"Karbikes":{"avgDistanceKm":2.981368664096204,"nbTrips":322,"medianDistanceKm":2.6514230699965626,"avgDistanceKmTravail":3.7771004698184933,"nbTripsTravail":69,"medianDistanceKmTravail":4.155438187385409}},"trips_per_distance":{"0":170,"5":173,"10":8,"15":1,"20":1}},"Commune du Teil":{"models":{"BIRO":{"avgDistanceKm":3.1647326441092436,"nbTrips":406,"medianDistanceKm":1.8984793323653042,"avgDistanceKmTravail":1.5755395527315277,"nbTripsTravail":4,"medianDistanceKmTravail":2.10331551249688},"Cyclospace":{"avgDistanceKm":4.683718903140104,"nbTrips":128,"medianDistanceKm":2.6134289253180594,"avgDistanceKmTravail":5.164108442492661,"nbTripsTravail":33,"medianDistanceKmTravail":3.1094608970448046},"Urbaner":{"avgDistanceKm":3.479238515163961,"nbTrips":264,"medianDistanceKm":1.606696289899423,"avgDistanceKmTravail":12.384163835187387,"nbTripsTravail":22,"medianDistanceKmTravail":12.691565892179044},"WEEZ":{"avgDistanceKm":3.3312192476554237,"nbTrips":446,"medianDistanceKm":2.0330764572612305}},"trips_per_distance":{"0":826,"5":267,"10":80,"15":47,"20":11,"25":4,"30":2,"35":2,"45":2,"65":1,"70":1,"95":1}},"Commune des Mureaux":{"models":{"BIRO":{"avgDistanceKm":3.2810682210125797,"nbTrips":123,"medianDistanceKm":2.0135566224071444,"avgDistanceKmTravail":3.1780256941314957,"nbTripsTravail":11,"medianDistanceKmTravail":3.6908400241914743},"Karbikes":{"avgDistanceKm":2.360123263466078,"nbTrips":128,"medianDistanceKm":1.3390628996173333,"avgDistanceKmTravail":3.7651793535070266,"nbTripsTravail":28,"medianDistanceKmTravail":3.8297999360079498},"Urbaner":{"avgDistanceKm":2.629046887996013,"nbTrips":29,"medianDistanceKm":2.0151897674496904},"WEEZ":{"avgDistanceKm":3.7548908326918955,"nbTrips":601,"medianDistanceKm":2.131500005869961,"avgDistanceKmTravail":6.230336615838766,"nbTripsTravail":48,"medianDistanceKmTravail":4.274649892740746}},"trips_per_distance":{"0":515,"5":289,"10":49,"15":8,"20":9,"25":2,"30":3,"45":2,"50":1,"60":1,"65":1,"70":1}},"CC 7 Vallées":{"models":{"Galibot":{"avgDistanceKm":5.629774108657566,"nbTrips":89,"medianDistanceKm":4.148046775355145},"Urbaner":{"avgDistanceKm":4.674905185840272,"nbTrips":132,"medianDistanceKm":3.5196660481374917,"avgDistanceKmTravail":4.56329050637966,"nbTripsTravail":21,"medianDistanceKmTravail":4.189083256815769}},"trips_per_distance":{"0":95,"5":87,"10":19,"15":11,"20":6,"25":1,"30":1,"50":1}},"Avant Pays Savoyard":{"models":{"Acticycle":{"avgDistanceKm":4.127823117631159,"nbTrips":181,"medianDistanceKm":2.1423892497222345,"avgDistanceKmTravail":3.738353036860285,"nbTripsTravail":11,"medianDistanceKmTravail":3.6571397606668645}},"trips_per_distance":{"0":99,"5":58,"10":10,"15":6,"20":5,"25":1,"30":1,"35":1}},"Le Mans":{"models":{"Maillon Mobility":{"avgDistanceKm":3.3458439774276667,"nbTrips":108,"medianDistanceKm":2.30046901583596},"Urbaner":{"avgDistanceKm":2.902600701828155,"nbTrips":113,"medianDistanceKm":2.5561322683246006},"WEEZ":{"avgDistanceKm":4.684520604933122,"nbTrips":298,"medianDistanceKm":2.754200146502755}},"trips_per_distance":{"0":261,"5":175,"10":52,"15":16,"20":6,"25":6,"30":2,"35":1}},"La Chapelle-Thouarault":{"models":{"Urbaner":{"avgDistanceKm":2.6069072615179723,"nbTrips":321,"medianDistanceKm":1.2686619422493761,"avgDistanceKmTravail":2.9915028190191464,"nbTripsTravail":12,"medianDistanceKmTravail":3.830347725000102},"WEEZ":{"avgDistanceKm":7.149104244192679,"nbTrips":385,"medianDistanceKm":6.651486524353786}},"trips_per_distance":{"0":355,"5":146,"10":137,"15":24,"20":34,"25":3,"30":4,"35":3}},"Toulouse":{"models":{"Urbaner":{"avgDistanceKm":4.383436704504909,"nbTrips":21,"medianDistanceKm":4.741055139932071},"Vhelio":{"avgDistanceKm":5.016006812579874,"nbTrips":3,"medianDistanceKm":6.9365318289880875}},"trips_per_distance":{"0":8,"5":15,"15":1}},"CC de Puisayes Forterre":{"models":{"Urbaner":{"avgDistanceKm":2.891647904955435,"nbTrips":20,"medianDistanceKm":2.4509243703580004}},"trips_per_distance":{"0":11,"5":8,"10":1}},"CC Briançon":{"models":{"La Bagnole":{"avgDistanceKm":5.71046431818529,"nbTrips":573,"medianDistanceKm":4.428576770183664},"WEEZ":{"avgDistanceKm":3.8556713293500002,"nbTrips":56,"medianDistanceKm":1.726088444127522}},"trips_per_distance":{"0":260,"5":235,"10":75,"15":35,"20":6,"25":6,"35":5,"40":2,"50":1,"55":2,"60":2}},"CA du Grand Avignon":{"models":{"Karbikes":{"avgDistanceKm":7.463738331770665,"nbTrips":154,"medianDistanceKm":4.651951807820561},"Maillon Mobility":{"avgDistanceKm":8.501083629338595,"nbTrips":144,"medianDistanceKm":6.511818388095153}},"trips_per_distance":{"0":103,"5":73,"10":42,"15":46,